"","title","geo_accession","cell.type.ch1","disease.state.ch1","source_name_ch1","all.lineage.ch1","bcp.all.subtype.ch1","external_id","study","sra.sample_name"
"1","CD19_196","GSM1046908","Fractionated CD19+ B-cells","healthy donor",NA,NA,NA,"SRR627491","SRP005279","GSM1046908"
"2","CD19_377","GSM1046909","Fractionated CD19+ B-cells","healthy donor",NA,NA,NA,"SRR627492","SRP005279","GSM1046909"
"3","CD19_465","GSM1046910","Fractionated CD19+ B-cells","healthy donor",NA,NA,NA,"SRR627493","SRP005279","GSM1046910"
"4","CD19_573","GSM1046911","Fractionated CD19+ B-cells","healthy donor",NA,NA,NA,"SRR627494","SRP005279","GSM1046911"
"5","CD3_539","GSM1046912","Fractionated CD3+ T-cells","healthy donor",NA,NA,NA,"SRR627495","SRP005279","GSM1046912"
"6","CD3_546","GSM1046913","Fractionated CD3+ T-cells","healthy donor",NA,NA,NA,"SRR627496","SRP005279","GSM1046913"
"7","CD3_547","GSM1046914","Fractionated CD3+ T-cells","healthy donor",NA,NA,NA,"SRR627497","SRP005279","GSM1046914"
"8","CD3_549","GSM1046915","Fractionated CD3+ T-cells","healthy donor",NA,NA,NA,"SRR627498","SRP005279","GSM1046915"
"9","DGE_dic9-20_1","GSM652276",NA,"acute lymphoblastic leukemia (ALL)","Bone marrow","B-cell precursor (BCP) ALL","dic(9;20)","SRR091652","SRP005279","GSM652276"
"10","DGE_dic9-20_2","GSM652277",NA,"acute lymphoblastic leukemia (ALL)","Bone marrow","B-cell precursor (BCP) ALL","dic(9;20)","SRR091653","SRP005279","GSM652277"
"11","DGE_dic9-20_3","GSM652278",NA,"acute lymphoblastic leukemia (ALL)","Bone marrow","B-cell precursor (BCP) ALL","dic(9;20)","SRR091654","SRP005279","GSM652278"
"12","DGE_HeH_1","GSM652279",NA,"acute lymphoblastic leukemia (ALL)","Bone marrow","B-cell precursor (BCP) ALL","High Hyperploidy (HeH)","SRR091655","SRP005279","GSM652279"
"13","DGE_HeH_10","GSM1046921","leukemic cells","acute lymphoblastic leukemia (ALL)","Bone marrow","BCP ALL",NA,"SRR627504","SRP005279","GSM1046921"
"14","DGE_HeH_2a","GSM652280",NA,"acute lymphoblastic leukemia (ALL)","Bone marrow","B-cell precursor (BCP) ALL","High Hyperploidy (HeH)","SRR091656","SRP005279","GSM652280"
"15","DGE_HeH_2b","GSM652281",NA,"acute lymphoblastic leukemia (ALL)","Bone marrow","B-cell precursor (BCP) ALL","High Hyperploidy (HeH)","SRR091657","SRP005279","GSM652281"
"16","DGE_HeH_3","GSM652282",NA,"acute lymphoblastic leukemia (ALL)","Bone marrow","B-cell precursor (BCP) ALL","High Hyperploidy (HeH)","SRR091658","SRP005279","GSM652282"
"17","DGE_HeH_4","GSM652283",NA,"acute lymphoblastic leukemia (ALL)","Bone marrow","B-cell precursor (BCP) ALL","High Hyperploidy (HeH)","SRR091659","SRP005279","GSM652283"
"18","DGE_HeH_5","GSM652284",NA,"acute lymphoblastic leukemia (ALL)","Bone marrow","B-cell precursor (BCP) ALL","High Hyperploidy (HeH)","SRR091660","SRP005279","GSM652284"
"19","DGE_HeH_6","GSM652285",NA,"acute lymphoblastic leukemia (ALL)","Bone marrow","B-cell precursor (BCP) ALL","High Hyperploidy (HeH)","SRR091661","SRP005279","GSM652285"
"20","DGE_HeH_7","GSM652286",NA,"acute lymphoblastic leukemia (ALL)","Bone marrow","B-cell precursor (BCP) ALL","High Hyperploidy (HeH)","SRR091662","SRP005279","GSM652286"
"21","DGE_HeH_8","GSM652287",NA,"acute lymphoblastic leukemia (ALL)","Bone marrow","B-cell precursor (BCP) ALL","High Hyperploidy (HeH)","SRR091663","SRP005279","GSM652287"
"22","DGE_HeH_9","GSM1046916","leukemic cells","acute lymphoblastic leukemia (ALL)","Bone marrow","BCP ALL",NA,"SRR627499","SRP005279","GSM1046916"
"23","DGE_MLL-11q23_1","GSM1046919","leukemic cells","acute lymphoblastic leukemia (ALL)","Bone marrow","BCP ALL",NA,"SRR627502","SRP005279","GSM1046919"
"24","DGE_t1-19_1","GSM1046918","leukemic cells","acute lymphoblastic leukemia (ALL)","Bone marrow","BCP ALL",NA,"SRR627501","SRP005279","GSM1046918"
"25","DGE_t12-21_1","GSM652288",NA,"acute lymphoblastic leukemia (ALL)","Bone marrow","B-cell precursor (BCP) ALL","t(12;21) ETV6-RUNX1","SRR091664","SRP005279","GSM652288"
"26","DGE_t12-21_2","GSM652289",NA,"acute lymphoblastic leukemia (ALL)","Bone marrow","B-cell precursor (BCP) ALL","t(12;21) ETV6-RUNX1","SRR091665","SRP005279","GSM652289"
"27","DGE_t12-21_3","GSM652290",NA,"acute lymphoblastic leukemia (ALL)","Bone marrow","B-cell precursor (BCP) ALL","t(12;21) ETV6-RUNX1","SRR091666","SRP005279","GSM652290"
"28","DGE_t12-21_4","GSM1046920","leukemic cells","acute lymphoblastic leukemia (ALL)","Bone marrow","BCP ALL",NA,"SRR627503","SRP005279","GSM1046920"
"29","DGE_t9-22_1","GSM652291",NA,"acute lymphoblastic leukemia (ALL)","Bone marrow","B-cell precursor (BCP) ALL","t(9;22) BCR-ABL1","SRR091667","SRP005279","GSM652291"
"30","DGE_t9-22_2","GSM652292",NA,"acute lymphoblastic leukemia (ALL)","Bone marrow","B-cell precursor (BCP) ALL","t(9;22) BCR-ABL1","SRR091668","SRP005279","GSM652292"
"31","DGE_t9-22_3","GSM652293",NA,"acute lymphoblastic leukemia (ALL)","Bone marrow","B-cell precursor (BCP) ALL","t(9;22) BCR-ABL1","SRR091669","SRP005279","GSM652293"
"32","DGE_TALL_1","GSM652294",NA,"acute lymphoblastic leukemia (ALL)","Bone marrow","T-cell lineage ALL (T-ALL)",NA,"SRR091670","SRP005279","GSM652294"
"33","DGE_TALL_2","GSM652295",NA,"acute lymphoblastic leukemia (ALL)","Bone marrow","T-cell lineage ALL (T-ALL)",NA,"SRR091671","SRP005279","GSM652295"
"34","DGE_TALL_3","GSM652296",NA,"acute lymphoblastic leukemia (ALL)","Bone marrow","T-cell lineage ALL (T-ALL)",NA,"SRR091672","SRP005279","GSM652296"
"35","DGE_TALL_4","GSM652297",NA,"acute lymphoblastic leukemia (ALL)","Peripheral blood","T-cell lineage ALL (T-ALL)",NA,"SRR091673","SRP005279","GSM652297"
"36","DGE_undefined_1","GSM1046917","leukemic cells","acute lymphoblastic leukemia (ALL)","Bone marrow","BCP ALL",NA,"SRR627500","SRP005279","GSM1046917"
