GSM5491718_16.001,GSM5491719_16.002,GSM5491720_16.003,GSM5491721_16.006,GSM5491722_16.008,GSM5491723_16.011,GSM5491724_16.012,GSM5491725_16.014,GSM5491726_16.015,GSM5491727_16.017,GSM5491728_16.021,GSM5491729_16.022,GSM5491730_16.025,GSM5491731_16.027,GSM5491732_16.029,GSM5491733_16.033,GSM5491734_16.035,GSM5491735_16.037,GSM5491736_16.038,GSM5491737_16.039,GSM5491738_16.042,GSM5491739_16.044,GSM5491740_16.047,GSM5491741_16.048,GSM5491742_16.049,GSM5491743_16.050,GSM5491744_16.052,GSM5491745_16.053,GSM5491746_16.056,GSM5491747_16.057,GSM5491748_16.059,GSM5491749_16.065,GSM5491750_16.068,GSM5491751_16.070,GSM5491752_16.074,GSM5491753_16.076,GSM5491754_16.077,GSM5491755_16.082,GSM5491756_16.086,GSM5491757_16.089,GSM5491758_16.090,GSM5491759_16.092,GSM5491760_16.094,GSM5491761_16.095,GSM5491762_16.098,GSM5491763_16.099,GSM5491764_16.100,GSM5491765_16.102,GSM5491766_16.103,GSM5491767_16.104,GSM5491768_16.105,GSM5491769_16.106,GSM5491770_16.108,GSM5491771_16.114,GSM5491772_16.115,GSM5491773_16.116,GSM5491774_16.129,GSM5491775_16.131,GSM5491776_16.132,GSM5491777_16.138,GSM5491778_16.139,GSM5491779_16.140,GSM5491780_16.141,GSM5491781_16.144,GSM5491782_16.152,GSM5491783_16.155,GSM5491784_16.158,GSM5491785_16.161,GSM5491786_16.162,GSM5491787_16.164,GSM5491788_16.167,GSM5491789_16.170,GSM5491790_16.171,GSM5491791_16.174,GSM5491792_16.176,GSM5491793_16.177,GSM5491794_16.179,GSM5491795_16.182,GSM5491796_16.186,GSM5491797_16.189,GSM5491798_16.191,GSM5491799_16.192,GSM5491800_16.194,GSM5491801_16.196,GSM5491802_16.199,GSM5491803_16.200,GSM5491804_16.201,GSM5491805_16.202,GSM5491806_16.204,GSM5491807_16.205,GSM5491808_16.207,GSM5491809_16.210,GSM5491810_16.215,GSM5491811_16.217,GSM5491812_16.218,GSM5491813_16.220,GSM5491814_16.221,GSM5491815_16.222,GSM5491816_16.223,GSM5491817_16.225,GSM5491818_16.226,GSM5491819_16.227,GSM5491820_16.229,GSM5491821_16.230,GSM5491822_16.231,GSM5491823_16.232,GSM5491824_16.233,GSM5491825_16.238,GSM5491826_16.239,GSM5491827_16.240,GSM5491828_16.241,GSM5491829_16.242,GSM5491830_16.243,GSM5491831_16.244,GSM5491832_16.245,GSM5491833_16.249,GSM5491834_16.252,GSM5491835_16.253,GSM5491836_16.256,GSM5491837_16.257,GSM5491838_16.258,GSM5491839_16.261,GSM5491840_16.265,GSM5491841_16.266,GSM5491842_16.267,GSM5491843_16.268,GSM5491844_16.269,GSM5491845_16.270,GSM5491846_16.272,GSM5491847_16.273,GSM5491848_16.279,GSM5491849_16.280,GSM5491850_16.282,GSM5491851_16.284,GSM5491852_16.286,GSM5491853_16.287,GSM5491854_16.291,GSM5491855_16.293,GSM5491856_16.294,GSM5491857_16.295,GSM5491858_16.296,GSM5491859_16.302,GSM5491860_16.304,GSM5491861_16.306,GSM5491862_16.312,GSM5491863_16.315,GSM5491864_16.319,GSM5491865_16.322,GSM5491866_16.326,GSM5491867_16.328,GSM5491868_16.335,GSM5491869_16.338,GSM5491870_16.339,GSM5491871_16.340,GSM5491872_16.341,GSM5491873_16.342,GSM5491874_16.343,GSM5491875_16.346,GSM5491876_16.347,GSM5491877_16.348,GSM5491878_16.350,GSM5491879_16.352,GSM5491880_16.354,GSM5491881_16.359,GSM5491882_16.362,GSM5491883_16.363,GSM5491884_16.364,GSM5491885_16.367,GSM5491886_16.372,GSM5491887_16.373,GSM5491888_16.374,GSM5491889_16.376,GSM5491890_16.378,ALL_380,ALL_464,ALL_363,ALL_365,ALL_444,ALL_368,ALL_358,ALL_172,ALL_171,ALL_243,ALL_291,ALL_310,ALL_546,ALL_563,ALL_553,ALL_555,ALL_559,ALL_458,ALL_391,ALL_459,ALL_402,ALL_5,ALL_8,ALL_502,ALL_486,ALL_537,ALL_495,ALL_542,ALL_205,ALL_210,ALL_257,ALL_244,ALL_467,ALL_472,ALL_466,ALL_484,ALL_470,ALL_475,ALL_290,ALL_295,ALL_299,ALL_268,ALL_302,ALL_704,ALL_707,ALL_319,ALL_686,ALL_695,ALL_633,ALL_702,ALL_166,ALL_176,ALL_612,ALL_619,ALL_624,ALL_626,ALL_622,ALL_627,ALL_629,ALL_631,ALL_656,ALL_634,ALL_740,ALL_669,ALL_4,ALL_644,ALL_49,ALL_678,ALL_679,ALL_422,ALL_372,ALL_300,ALL_367,ALL_314,ALL_376,ALL_442,ALL_682,ALL_683,ALL_750,ALL_713,ALL_735,ALL_680,ALL_681,ALL_738,ALL_734,ALL_689,ALL_688,ALL_693,ALL_745,ALL_747,ALL_539,ALL_621,ALL_618,ALL_620,ALL_536,ALL_392,ALL_431,ALL_390,ALL_528,ALL_504,ALL_460,ALL_646,ALL_665,ALL_613,ALL_489,ALL_468,ALL_493,ALL_532,ALL_395,ALL_557,ALL_373,ALL_381,ALL_435,ALL_609,ALL_606,ALL_602,ALL_313,ALL_321,ALL_317,ALL_221,ALL_206,ALL_202,ALL_106,ALL_462,ALL_544,ALL_254,ALL_262,ALL_312,ALL_167,ALL_174,ALL_465,ALL_485,ALL_474,ALL_11,ALL_28,ALL_63,ALL_29,ALL_324,ALL_378,ALL_412,ALL_410,ALL_420,ALL_403,ALL_160,ALL_113,ALL_164,ALL_57,ALL_52,ALL_61,ALL_62,ALL_141,ALL_125,ALL_388,ALL_386,ALL_389,ALL_529,ALL_157,ALL_200,ALL_58,ALL_246,ALL_284,ALL_351,ALL_236,ALL_247,ALL_215,ALL_248,ALL_595,ALL_598,ALL_584,ALL_567,ALL_456,ALL_371,ALL_488,ALL_477,ALL_482,ALL_514,ALL_513,ALL_219,ALL_218,ALL_217,ALL_232,ALL_494,ALL_492,ALL_503,ALL_293,ALL_7,ALL_16,ALL_357,ALL_382,ALL_47,ALL_499,ALL_169,ALL_543,ALL_568,ALL_180,ALL_564,ALL_589,ALL_560,ALL_194,ALL_569,ALL_175,ALL_168,ALL_234,ALL_130,ALL_24,ALL_17,ALL_541,ALL_593,ALL_586,ALL_718,ALL_717,ALL_709,ALL_710,ALL_562,ALL_45,ALL_298,ALL_9,ALL_76,ALL_71,ALL_501,ALL_604,ALL_170,ALL_884,ALL_888,ALL_903,ALL_753,ALL_901,ALL_907,ALL_950,ALL_952,ALL_930,ALL_931,ALL_926,ALL_953,ALL_913,ALL_920,ALL_941,ALL_942,ALL_944,ALL_962,ALL_964,ALL_1003,ALL_1006,ALL_1000,ALL_984,ALL_986,ALL_988,ALL_967,ALL_975,ALL_976,ALL_978,ALL_1026,ALL_1031,ALL_762,ALL_1034,ALL_1039,ALL_1019,ALL_761,ALL_1023,ALL_1056,ALL_1057,ALL_1062,ALL_1065,ALL_1081,ALL_1001,ALL_1005,ALL_905,ALL_985,ALL_989,ALL_1086,ALL_1089,ALL_882,ALL_1092,ALL_1116,ALL_1111,ALL_1118,ALL_1096,ALL_1099,ALL_1100,ALL_1109,ALL_869,ALL_874,ALL_877,ALL_851,ALL_853,ALL_1060,ALL_1047,ALL_1061,ALL_1072,ALL_1058,ALL_1190,ALL_1150,ALL_1178,ALL_1187,ALL_1154,ALL_1162,ALL_1163,ALL_1127,ALL_1128,ALL_1131,ALL_1135,ALL_1139,ALL_1136,ALL_1159,ALL_1110,ALL_1097,ALL_878,ALL_784,ALL_808,ALL_829,ALL_S1,KSALL34,KSALL50,ALL_358_r,ALL_210_r,ALL_257_r,ALL_464_r,ALL_380_r,ALL_680_r,ALL_1026_r,ALL_368_r,ALL33,ALL2,ALL18,ALL14,ALL4,ALL27,ALL26,ALL28,ALL38,ALL22,ALL17,ALL1,ALL30,ALL7,SIHTALLS26,T78,SIHTALLS3,SIHTALLS12,H301TALLS12,SIHTALLS14,CMUTALLS10,SIHTALLS28,H301TALLS10,SIHTALLS6,SIHTALLS19,SIHTALLS5,SIHTALLS24,SIHTALLS9,SIHTALLS16,T70,SIHTALLS35,T92,T115,DMUTALLS1,SIHTALLS1,CMUTALLS14,SIHTALLS36,T84,H301TALLS6,T105,T103,CMUTALLS3,T39,SIHTALLS31,T83,SIHTALLS29,T112,T74,SIHTALLS17,SIHTALLS25,SIHTALLS2,T59,H301TALLS11,SIHTALLS10,T89,SIHTALLS8,T60,SIHTALLS7,CMUTALLS12,T62,T85,T106,SIHTALLS20,T114,CMUTALLS6,T119,T67,SIHTALLS11,SIHTALLS15,SIHTALLS27,H301TALLS4,T97,SIHTALLS22,H301TALLS1,CMUTALLS2,CMUTALLS7,H301TALLS7,SIHTALLS23,SIHTALLS33,T104,T93,H301TALLS5,CMUTALLS1,SIHTALLS18,H301TALLS8,SIHTALLS32,H301TALLS2,H301TALLS14,T79,CMUTALLS9,CMUTALLS15,T95,T80,T82,SIHTALLS4,CMUTALLS8,T77,T90,H301TALLS13,SIHTALLS13,T91,CMUTALLS13,T116,T99,CMUTALLS11,SIHTALLS30,H301TALLS9,CMUTALLS4,T68,T61,T102,T88,SIHTALLS21,T94,H301TALLS3,SIHTALLS34,SIHTALLS37,CMUTALLS5,T101,DMUTALLS2,T81,T87,ALLK.108,ALLT.314,ALLT.315,ALLT.318,ALLT.319,ALLT.320,ALLT.322,ALLT.323,ALLT.324,ALLT.325,ALLT.327,ALLT.329,ALLT.330,ALLT.331,ALLT.333,ALLT.334,ALLT.335,ALLT.337,ALLT.338,ALLT.339,ALLT.340,ALLT.342,ALLT.343,ALLT.346,ALLT.347,ALLT.351,ALLT.354,ALLT.355,ALLT.356,ALLT.357,ALLT.358,ALLT.360,ALLT.361,ALLT.362,ALLT.363,ALLT.364,ALLT.366,ALLT.367,ALLT.368,ALLT.369,ALLT.371,ALLT.372,ALLT.373,ALLT.375,ALLT.376,ALLT.377,ALLT.378,ALLT.379,ALLT.380,GE0310,GE0325,GE0335,GE1312,GE1329,GE2328,GE3309,GE3317,GE3320,GE8315,GE8321,GE8322,GE8329,GE9336,GE9344,GE9347,logFC,logCPM,F,PValue,FDR,class
1797,279,970,121,281,85,389,29,2826,269,50,22,4,128,92,189,7305,630,4600,59,1,1,553,1,69,16,1,5,4,25,1,1,20,1,3,1,82,2596,22,123,59,1,1,169,2365,5,1,47,1,198,65,2,10,75,2,14168,2,20,73,1,23,42,13,407,7,7,12,104,17,4,1817,44,1891,2368,2386,607,203,5,79,2310,354,4,5,1357,3495,1058,2,3160,3695,1,47,1,17,118,41,8,23,1,33,1368,1312,1445,345,187,73,47,205,250,1601,72,10,2,876,11,2,1,19,1,29,6,101,3057,185,479,244,62,352,19,14,1,9,461,1,6436,137,29,768,15,137,28,4,2934,24,20,1,1,1,4,111,3,1,12,514,169,338,214,56,968,6,584,1,2,2,136,1,6,1,1,3,1,1,5,2,6,0,2,3,14,113,0,128,0,4,21,0,3,3,1,88,4,5,3,1,349,3,6,3,5,1,3,5,4,2,5,239,3,3,2,1,10,4,29,88,1,74,1,0,0,575,161,0,2,1,1,1,0,0,0,0,0,0,3,0,10,3,10,0,176,15,0,0,0,99,7,3,3,0,1,7,0,0,16,15,0,0,0,0,6,0,0,2,16,17,0,11,0,1,2,0,10,7,118,0,2,3,8,3,4,125,0,0,37,5,3,1,42,0,0,1,3,4,465,1,1,2944,0,1,3,0,0,7,39,1,20,5,0,1,72,3,0,1,0,19,53,43,0,28,2,82,2,9,0,72,77,3,2,0,7,23,91,105,0,7,28,5,75,1,15,30,36,1198,20,28,39,5,1,44,1,35,11,48,2,0,25,4,1,3,5,0,0,8,1,3,4,2,0,35,5,1,6,8,145,50,0,1,51,70,9,2,1,2000,56,11,351,0,0,26,1,9,0,8,13,31,0,2,105,889,227,207,269,235,123,317,3006,100,330,217,489,434,875,199,310,640,173,1160,271,722,396,205,455,233,152,84,1577,439,452,238,666,164,300,64,117,998,181,151,199,736,389,1273,506,337,1098,910,1665,145,104,445,323,780,343,552,776,209,161,1451,245,172,44,104,76,412,718,710,128,170,541,443,1079,108,1952,537,266,970,256,440,691,264,1026,143,174,4,7,0,4,530,6,1,0,0,0,0,3,1589,657,0,818,0,0,0,1,0,0,421,0,0,0,0,0,1,0,1,0,140,1,327,0,1,1,0,0,0,1,1,1,0,0,0,1318,180,297,0,0,156,0,0,763,0,0,0,0,0,0,0,0,0,0,184,0,0,0,1,0,287,1,0,0,0,0,300,154,1,0,0,1,119,0,0,111,479,344,211,0,0,0,0,0,912,0,125,128,1,1,0,230,428,0,0,0,0,126,0,0,280,0,0,631,138,1,106,1,0,511,0,0,0,0,0,0,0,1,146,660,0,454,0,0,12,7,91,0,7,7,70,1,1,131,70,64,1,26,0,28,13,32,78,0,0,7,56,7,32,18,25,31,1,0,1,1,7,9,9,13,50,0,0,1,0,0,0,33,0,0,0,8,0,1127,185,88,427,33,246,960,412,24,690,1443,847,431,888,235,161,-1.5718532154780969,3.2581387917351594,15.967846435906907,7.144162624911148e-5,5.308085515123417e-4,-
149,137,116,92,42,88,68,63,118,340,148,94,11,98,31,70,42,123,128,106,38,32,47,44,96,14,45,137,35,120,180,123,246,258,99,183,69,70,130,72,112,140,104,33,72,364,157,185,205,44,71,100,12,113,195,163,221,141,169,55,240,44,109,64,123,103,495,204,239,209,138,152,183,216,258,141,123,126,170,304,127,334,292,197,375,218,137,352,165,86,298,46,473,252,219,102,292,236,272,184,115,149,323,276,250,133,218,165,25,88,84,40,131,93,99,190,240,123,157,272,100,523,240,281,316,384,178,344,107,201,120,106,160,169,290,236,191,186,198,130,69,197,508,188,148,206,207,193,191,100,336,91,179,130,129,201,120,178,197,103,241,222,124,86,49,87,111,37,48,40,103,56,66,0,0,0,0,12.136,26.74,0,0,0,0,6.018,0,0,0,0,0,0,0,0,0,11.128,0,0,0,0,0,0,0,0,0,0,47.424,0,0,0,0,0,0,16.28,6.958,0,3.947,0,0,0,23.822,0,0,0,0,1.787,0,0,0,0,0,0,0,0,0,0,0,0,0,0,0,0,0,0,12.606,0,0,0,0,0,0,0,0,0,0,0,0,0,0,0,0,0,0,0,0,0,0,0,0,0,0,0,0,13.911,0,0,0,0,0,0,6.614,0,0,0,0,0,0,0,0,0,0,0,0,573.172,0,0,3647.786,0,0,0,0,0,0,0,0,0,0,0,0,25.678,0,0,0,0,0,0,0,0,0,0,8.922,0,0,0,11.161,0,0,0,0,0,0,0,0,0,0,0,0,0,0,0,0,0,434.032,0,0,0,0,0,2.648,0,5.276,0,4.685,0,0,0,0,0,0,0,0,0,0,0,0,16.602,2.951,0,0,0,0,0,0,0,0,0,0,10.159,0,20.535,0,0,344.079,37.705,0,44.454,0,0,0,0,0,0,0,0,0,0,0,61.947,85.019,69.362,88.717,82.417,35.119,58.699,36.419,346.185,78.284,155.355,42.984,62.049,89.81,198.82,47.193,41.159,138.692,18.655,216.04,183.174,228.293,58.53,82.504,127.233,74.763,21.582,31.484,173.255,94.842,135.091,97.826,113.981,43.338,47.523,4.575,36.2,192.506,226.833,32.952,31.29,648.737,88.918,248.723,214.276,558.117,99.081,140.953,179.498,39.632,39.782,96.672,28.071,141.457,61.341,108.845,53.642,31.756,36.293,89.808,35.139,21.198,9.047,41.181,24.642,118.209,1000.005,124.47,29.325,52.078,81.987,129.364,244.958,17.712,172.422,145.379,77.185,161.771,47.623,42.794,82.526,77.342,128.176,47.337,82.714,0,0,0,0,298.624,0,0,0,0,0,0,0,150.584,232.654,14,14,38,32,22,103,57,27,17,22,16,14,6,10,16,15,25,38,16,39,6,14,18,24,26,23,8,33,20,33,10,9,21,29,9,2,5,5,4,4,12,11,4,1,15,5,12,6,27,19,34,12,44,70,7,36,20,33,3,5,13,17,17,27,10,12,32,21,13,28,3,11,19,12,45,22,15,1,26,5,8,16,27,28,3,26,21,2,12,21,10,15,10,12,25,8,41,24,22,20,15,21,8,16,4,16,6,15,14,7,12,29,15,13,21,42,9,24,16,12,2,11,0,0,0,0,0,0,0,0,0,0,0,0,0,0,0,0,0,0,0,0,0,0,0,0,0,0,0,0,0,0,0,0,0,0,0,0,0,0,0,0,0,0,0,0,0,0,0,0,0,0,0,0,0,0,0,0,0,0,0,0,0,0,0,0,0,-2.0798606972246887,1.1286465797430958,35.331537587400014,4.437203010402056e-9,5.602460221521225e-8,-
663,704,597,2016,1201,807,1440,1643,2437,4497,824,1375,1411,1440,2628,1341,2326,2189,4006,1266,549,1958,2217,5351,5386,2493,1064,6218,4983,4361,2623,4542,4361,1810,1590,1288,1873,3222,2927,1848,1613,2243,1574,1375,1698,1587,2500,1264,2349,2258,6248,2389,1353,2444,1347,853,1710,2464,1361,313,256,783,3603,1140,1386,707,3851,1260,3100,3686,508,705,2172,3424,1794,1945,4192,1733,1493,3519,3853,2715,3369,5083,3639,2390,289,2377,3501,885,587,635,1526,293,1419,385,569,1248,1009,1699,1932,2088,1619,847,1937,1022,1608,1786,1323,1284,386,557,2248,586,692,291,2509,1986,1800,2953,1461,2077,1893,2362,1946,2600,2264,2494,1301,2014,2186,1044,1332,2027,1005,2014,1435,617,1667,1975,510,2677,2235,1368,1101,2039,2389,1093,1082,1550,1695,1975,1475,2083,1372,1952,2224,1607,1690,1482,729,3136,1817,1675,1846,2097,1830,1135,3051,1320,1130,1334,1819,757.968,678.252,157.212,738.997,1293.216,434.358,405.202,1043.546,382.074,300.11,159.232,164.558,986.518,1306.67,1039.675,617.196,1349.58,1537.045,1278.981,743.4,190.147,199.545,1470.455,256.501,732.643,726.267,391.089,1682.938,607.073,366.027,858.223,461.332,311.003,469.755,267.048,1381.31,499.388,625.733,289.573,386.668,556.08,240.816,737.394,725.996,909.311,1037.209,608.56,668.931,617.857,707.465,685.667,1124.707,743.474,1455.838,661.697,1164.813,1097.846,533.421,870.33,1401.623,383.451,390.994,800.207,4554.098,875.919,238.595,681.814,716.625,730.379,120.932,1604.53,287.097,535.833,311.881,550.273,682.786,570.51,651.571,651.545,348.315,1756.281,744.309,715.67,1174.625,485.565,1279.764,1014.798,499.727,547.148,553.15,1251.071,234.547,1435.404,921.064,179.969,1408.518,87.954,1189.357,67.961,145.007,532.261,283.565,410.032,1492.376,466.579,198.985,442.4,654.973,104.006,834.073,720.177,433.915,127.374,538.116,1282.908,268.616,590.422,325.601,1571.126,322.51,365.026,6285.269,822.886,489.975,303.391,517.309,987.205,892.926,1050.771,448.37,106.076,1447.217,596.605,726.855,361.014,743.473,284.773,649.576,357.203,147.002,117.88,55.805,2877.066,201.436,738.089,276.419,734.312,494.73,853.418,1050.442,136.913,689.114,682.776,244.23,761.966,216.787,143.123,426.579,825.824,3218.122,224.945,612.366,247.039,431.801,108.334,266.822,390.823,644.739,169.986,506.002,247.944,906.706,271.898,309.46,854.024,279.093,1633.374,229.546,399.481,152.259,107.141,860.41,257.2,522.468,2171.988,382.71,369.268,1514.722,482.383,723.044,625.31,43.382,364.146,401.834,521.568,633.892,318.246,255.826,237.475,385.729,230.7,85.563,212.458,133.443,565.102,508.535,145.707,660.028,138.38,347.383,252.214,1015.581,635.817,334.476,402.53,1321.806,275.738,1783.926,47.006,5470.741,1246.312,357.627,198.601,462.058,224.089,158.22,372.547,1003.624,200.748,356.357,520.755,166.342,306.572,521.596,306.051,464.819,297.211,346.029,687.783,328.375,139.301,793.483,274.57,364.667,537.386,210.49,205.868,216.041,394.375,156.622,1190.252,510.894,316.186,261.789,213.052,135.536,141.031,130.972,179.595,223.736,148.585,172.709,269.342,1501.362,656.542,258.707,1845.793,1363.038,894.478,369.605,1033.942,302.367,209.3,351.513,248.196,325.306,213.924,284.392,583.325,539,248.882,441.269,173.905,188.967,758.526,172.615,203.29,354.456,826.695,313.471,217.263,225.655,310.109,223.178,624.503,519.378,664.967,339.823,163.599,398.07,283.434,231.838,299.697,187.724,304.575,191.315,203.204,951.84,951.435,794.238,305.905,533.063,1093.827,196.232,187.137,1187.364,826.577,1696.942,1640.196,1110.156,920.725,0,0,0,0,0,0,0,0,0,0,0,0,0,0,20,9,67,31,60,83,19,65,255,26,50,63,45,54,30,16,18,12,20,276,25,10,52,4,19,5,3,537,12,28,25,15,10,0,46,67,28,6,15,20,0,17,1,28,54,7,14,4,57,6,140,15,17,12,16,31,20,9,65,14,41,25,50,33,20,4,4,7,18,18,34,11,40,21,3,2,2,7,1,4,12,4,11,2,20,14,4,0,12,1,6,28,20,0,0,14,5,6,13,0,3,34,13,5,5,0,12,4,176.128,956.129,812.051,465.983,685.96,744.473,551.757,668.664,625.274,968.727,690.951,620.277,481.225,586.563,352.13,511.145,402.682,470.882,564.224,472.913,632.073,470.182,936.525,308.949,545.551,134.955,148.212,423.21,309.269,147.382,393.626,399.863,306.206,642.285,275.082,463.303,554.513,455.57,522.939,572.272,537.388,201.982,262.722,602.804,372.979,499.768,428.912,136.283,449.414,687.22,407.198,134.008,590.426,459.806,767.389,24.018,696.456,432.238,402.001,1127.376,573.537,1084.11,525.559,372.125,352.817,-2.5826678381105266,4.7435436561849285,182.13487407154722,5.834400538235865e-37,3.034456104752551e-35,-
68,33,151,151,27,16,144,33,43,0,41,4,5,54,4,74,29,76,22,4,4,0,45,9,9,10,14,20,24,3,6,73,11,25,40,14,60,81,43,81,88,24,28,21,26,6,19,51,7,3,39,14,19,1,76,115,6,22,44,22,121,11,10,25,0,34,17,237,34,1,946,55,44,97,186,214,22,23,15,10,8,51,7,22,15,13,2,11,12,62,37,9,10,9,1,7,54,1,23,12,7,7,20,1,20,1,34,73,15,4,47,15,37,53,52,0,12,11,17,7,44,7,22,1,33,10,1,17,54,20,32,48,26,161,0,0,21,46,72,6,119,5,30,17,10,0,29,4,2,2,2,60,23,67,26,43,91,17,6,29,16,15,4,8,0,1,3,12,0,5,7,3,5,3.981,1.962,6.918,6.927,79.998,14.014,2.86,174.688,1.955,5.933,7.972,3.843,4.983,2.975,0,5.421,9.468,7.892,0,10.011,2.266,0,1,0.883,2.971,1.938,1.993,0.924,0.96,0.978,0.898,50.248,5.928,9.974,8.828,0,0.934,1.961,5.094,21.771,3.96,12.996,0,0,0,160.808,12.229,1.988,0,0.99,10.997,0,4.987,0,1.994,1.974,0,0,46,1.998,6.992,0,0.998,0,185.314,1.426,3.011,3.98,0.884,25.183,10.913,2.026,0.987,1.978,2.943,5.805,0,0,3.987,4.996,0,0.997,0.947,0,4.107,0.959,2.993,0,0,0.998,0.988,0,0,0,0,2.957,11.939,0.931,24.706,0,1.911,0,0,4.977,11.827,9.674,3.835,1.96,14.377,0,0.957,1.966,21.476,1.042,1.968,4.975,0.784,0.987,996.591,1.991,1.975,1083.516,3.938,16.939,0,0,0,1.997,167.676,0,2.878,0,0,1.917,266.153,4.985,3.991,3.943,3.195,7.972,9.987,7.987,0,2.32,1.973,106.051,3.993,4.959,4,183.488,1.981,0,0.932,1.989,2,4,3.199,12.444,2.998,0,14.52,0,3.212,0,0.997,4.977,2.962,3215.555,7.951,624.315,14.97,2.976,4.962,3.194,0.972,13.995,4.959,66,7.891,1.937,0.97,0,0.96,0,1.963,0.987,0,1.91,1,0,1.895,1.981,2.988,3.383,0.978,4.871,13.401,0.954,20.097,8.665,3,5,29.079,0.96,126.521,0.963,1.924,327.389,14.548,5.181,1.344,0,0,0,2.962,2.962,0,0,0.997,12.86,1.993,6.986,1.432,9.876,5.991,18.377,19.365,3.983,3.195,2.236,3551.584,3.998,5.994,7.74,19.294,18.77,16.159,7.428,67.655,6.995,3.46,15.353,5.988,5.424,1,2.994,10.469,3.99,12.502,2.874,792.696,13.753,12.98,19.522,12.692,4.836,4.415,3.594,0.946,12.396,13.999,0.966,2.999,400.183,19.977,6.937,2059.017,1263.574,684.787,11.211,1009.324,0,6.992,8.999,13.865,7.581,12.549,1.986,4.776,0,2.112,11.558,4.992,4.979,12,11.979,1.97,6.996,98.144,6.198,0,6.999,10,2.997,462.057,4.985,1778.764,13.341,2.343,17.308,0,7.286,0,7,10.981,2.481,4.987,3,1.99,1.986,0.959,114.376,0.915,0.927,0,0.936,0.973,0.944,0,598.41,270.557,0,0,0,0,0,0,0,0,0,1,0,0,0,0,0,0,0,0,0,0,5,0,0,0,1,0,0,0,1,0,0,0,0,51,0,2,0,0,2,0,0,4,0,0,0,0,0,0,0,0,0,0,0,0,0,0,0,0,1,0,0,0,0,0,4,0,0,0,0,0,0,0,0,0,142,7,0,1,0,0,0,0,50,0,0,0,0,0,0,3,23,0,0,0,0,2,0,0,0,1,0,22,0,0,1,0,1,24,0,0,0,0,0,0,0,0,0,9,0,15,0,0,0,0,0,0,0,0,0,0,0,0,0,0,0,0,0,0,0,0,0,0,0,0,0,0,0,0,0,0,0,0,0,0,0,0,0,0,0,0,0,0,0,0,0,0,0,0,0,0,0,0,0,0,0,0,0,0,0,0,0,0,0,0,0,0,0,-2.907451249061748,1.1420611944926313,50.418963552322154,3.127123691215513e-12,5.0640451532896066e-11,-
19,3,6,22,8,3,19,3,6,33,6,6,4,1,4,6,15,15,19,8,4,2,6,6,3,1,0,3,5,2,2,2,4,4,15,0,11,32,8,2,9,4,1,1,22,6,0,5,2,11,9,4,2,3,16,19,3,5,4,2,2,2,0,3,13,20,1,7,9,5,6,1,10,9,25,6,5,1,15,10,6,3,0,6,16,31,71,21,3,1,9,1,5,8,0,18,2,8,1,5,13,13,14,13,8,10,3,31,1,8,9,2,5,0,5,0,17,10,13,1,29,13,4,4,17,7,3,6,7,6,5,2,0,21,2,9,17,4,7,3,2,5,5,5,0,5,3,11,7,7,1,2,1,5,7,4,3,16,4,1,8,2,2,6,7,5,1,1,1,0,1,3,5,4,2,4,1,0,0,0,0,0,4,2,3,0,0,2,2,0,0,2.536,1,66,0,1,3,0,6,2,2,2,1,4,1,2,0,8.977,0,6,2,14,14,0,4,3,0,0,0,30,0,0,1,3,6,0,1,2,0,0,1,0,1,2,0,0,0,0,1,1,0,0,3,7,4,0,0,1,15.969,0,1,2,3,0,2,1,15,0,1,0,0,4,7,1,1,0,0,0,1,4,2,2,1.968,5,0,0,0,4,13,1,4,5,0,3,0,4,0,0,2,3,1,5,1.969,6,24,2,2,1,0,6.952,0,0,0,7,1,1,1,0,1.855,0,2,0,2,6,5,2,0,2,0,3,2,0,0,5,2,5.962,0,1,8,2,2,1,1,13,0,5,0,3,13,3,1,0,0,5,1,0,1,1,3,0,0,3,2,5,5.902,2,4,1.815,0,0,3,0,1,5.978,0,0,2,1,0,1,0,4,0,2.73,3,4,2,0,0,2,0,251,2,89,0,0,4,1,2,0,5,4,4,0,2,85,1396,158,249,171,63,159,73,1,193,1750,150,181,621,820,422,0,441,191,308,596,532,196,62,415,78,54,98,2,350,387,318,410,75,133,75,96,332,404,49,184,1,370,764,4,4,0,345,2,90,300,110,491,754,388,614,199,43,75,933,322,212,0,122,35,320,0,338,143,153,476,305,0,65,1,423,126,463,109,223,265,421,229,164,879,0,0,0,4,0,0,0,3,0,0,0,0,0,0,0,0,0,0,0,0,0,0,0,0,0,0,0,0,1,0,2,0,0,0,2,0,1,0,0,2,0,2,1,0,1,0,0,0,0,0,3,0,0,0,0,0,0,2,0,0,0,0,1,0,0,0,0,0,0,0,0,0,0,0,0,0,0,0,6,0,0,0,2,0,6,0,0,0,13,5,4,3,0,0,0,7,2,0,3,1,4,1,0,2,0,0,0,0,1,0,0,0,4,0,0,3,0,0,0,1,2,1,0,0,0,0,0,0,1,0,1,3,0,1,0,0,0,0,0,0,0,0,0,0,0,0,0,0,0,0,0,0,0,0,0,0,0,0,0,0,0,0,0,0,0,0,0,0,1,0,0,0,0,0,0,0,0,0,0,0,0,0,0,0,0,35,1,0,13,2,1,0,18,3,1,39,36,3,3,0,0,-3.099681960117286,1.141477728787807,59.25506771475339,4.8738509550802266e-14,9.146921687075937e-13,-
36139,25640,29075,62475,54902,30956,43409,27317,74477,34304,11840,50495,13407,17068,16203,22573,43192,63446,54236,30922,47900,41805,59891,50556,52178,51894,11197,43192,54872,18450,28705,51872,50526,2437,41881,26208,60030,67526,195510,39234,39606,40425,32528,31858,48206,46484,46647,30553,28375,46572,40174,24653,98672,50400,77126,62289,30006,67627,46032,28589,39615,51249,27218,12858,12017,4903,22365,73576,14920,6829,49362,42119,47512,51007,101761,79960,19116,25096,30523,28682,30194,31383,15888,30280,50951,32521,5303,25325,31581,39067,20763,49887,25789,8740,8990,3356,16710,15916,9474,24024,20382,24414,46736,34165,17156,58137,20383,44390,55005,21542,27068,53846,41800,18339,36787,37815,42945,25944,25084,50775,28794,33349,12498,36952,18460,33574,15928,114410,52663,24846,46097,28144,17244,45723,42888,55765,34161,26943,22623,16967,15099,15126,19985,11338,2889,7931,6788,11541,15020,35016,33587,35321,50403,90325,39484,48774,28955,78539,28453,18290,35986,29563,15531,12384,8465,18116,16909,11022,17629,14724,13245,32058,16568,3201.562,2933.299,761.056,4598.083,32664.573,12754.548,6128.458,8599.174,1273.612,2264.367,10073.145,1183.546,4761.562,7108.504,5117.09,47162.228,7056.053,4330.995,1715.433,5155.094,9054.032,1576.761,7317.73,3567.826,4493.75,1897.107,2836.762,3360.833,2965.608,1639.652,3647.521,36052.908,2094.326,4068.85,2278.11,2315.726,2626.936,1625.921,17657.826,31624.236,2110.53,19380.609,1923.838,1773.283,2388.853,10002.723,63631.063,3027.626,2164.321,1574.299,3377.955,2299.777,2323.945,2409.632,2722.49,1452.871,2360.922,1629.737,4096.818,2880.403,25956.155,4273.074,15155.485,5847.192,14064.703,23646.043,3318.018,2348.304,4621.485,15669.559,11132.062,1449.794,1548.718,1580.415,1425.936,4513.393,1529.081,6167.891,19813.926,16253.167,4853.276,1121.823,2284.872,2290.342,17122.086,2922.211,3502.711,6263.606,20346.329,33713.997,3600.516,40602.224,1214.894,2138.555,1385.749,4035.325,10459.964,4020.74,30794.251,1493.369,3896.607,23474.701,17366.595,6450.917,2560.535,26523.881,2724.14,2675.925,10881.213,1120.542,2724.154,1932.089,15027.199,1130.127,3161.158,17970.298,4275.378,1434.764,39567.195,2903.989,5384.927,89461.205,1876.004,1667.452,1683.008,2955.861,4638.242,2802.975,6528.401,2301.401,7066.117,2837.276,1971.616,1786.566,9226.257,1358.565,2001.637,5667.31,831.522,16668.562,15401.85,9219.475,3579.856,22911.265,1589.946,14572.469,2821.654,3858.591,6432.102,21263.422,11164.569,2371.527,1742.118,1923.854,4398.178,26542.109,16190.295,44132.234,2522.536,3980.33,15305.952,1441.676,12736.914,3078.058,3041.044,15708.939,23795.21,6891.869,19417.919,8180.707,20914.298,6657.67,1668.881,56548.779,3454.45,29895.332,7807.135,6911.955,1752.488,784.669,28635.016,4570.202,1160.734,2420.501,4468.067,1725.171,1687.647,6248.082,2689.63,2816.079,5747.064,560.352,1502.616,28433.431,2366.723,2924.381,19014.136,7068.59,26487.479,47193.621,1111.416,287.637,39554.051,13504.441,7288.615,2278.476,1381.025,4178.951,18464.303,17177.74,22001.182,879.958,905.189,15167.062,2288.944,3212.236,1190.645,6751.887,6490.932,17388.934,4696.33,2771.175,20294.344,84612.986,23918.396,24773.454,16358.297,19247.928,30960.828,29034.576,11174.604,16596.761,12665.601,9961.772,33157.987,26092.173,35546.954,10401.42,8878.881,37823.699,19195.318,13906.609,28729.443,27487.117,11082.701,18578.792,18163.218,19442.112,8529.466,16578.987,6378.785,7795.409,27198.903,10936.479,20349.226,15220.496,16806.594,9096.511,16683.679,42960.191,17439.69,11532.385,22251.185,35720.615,7874.5,11135.838,16865.584,34760.188,3878.382,41111.379,5651,8567.99,24353.137,18804.158,24768.246,29610.374,25773.745,24470.215,21518.374,11624.271,17561.826,24464.714,25439.685,16537.484,9144.952,21585.79,13712.729,13351.746,18337.124,27969.91,17270.886,21421.079,41337.287,26485.78,4239.464,6019.852,2976,33582.947,26080.51,53529.506,11139.004,35337.208,18987.456,19547.536,21179.185,20015.736,23777.856,2888.989,2137.228,2788.086,11725.587,9411.469,3153.534,1040.578,1697.971,3234.149,2306.256,7497.739,2246.179,8913.491,21291.837,0,0,0,0,0,0,0,0,0,0,0,0,0,0,0,0,0,0,9,0,4089,0,0,0,0,0,0,0,0,0,0,0,0,14993,0,5115,0,0,12,0,0,5795,43,0,0,0,0,0,0,0,0,0,9,0,2,0,0,0,5977,0,0,0,0,0,6284,0,0,0,0,0,13,0,0,0,11838,5449,22,0,0,0,0,12,8488,0,16,0,0,10,0,5631,4227,0,0,0,0,8348,0,0,0,0,0,6730,0,0,947,0,0,4608,0,0,0,0,0,0,2,0,0,2886,0,6543,0,0,4478.852,15682.423,26301.942,11813.016,15529.061,11483.367,9987.709,16219.144,16258.797,18776.749,13590.959,26068.452,18452.104,14083.535,10549.68,8777.032,13467.346,14260.801,14027.211,8639.792,7713.105,10873.141,19081.948,5797.601,45121.887,1101.253,2527.066,3676.062,2004.775,1149.954,2435.986,6890.625,3518.926,678.436,2450.785,2060.04,1359.818,901.705,717.098,621.912,1308.535,531.626,846.62,654.718,830.111,989.668,1529.255,627.653,1546.166,2081.569,986.931,2436.949,3771.858,3631.912,619.547,212,742.638,853.823,2176.956,2742.667,3128.72,499.136,2293.158,2607.923,1352.719,-3.2661894034425187,9.072852166204843,108.1049095768386,1.32597336727724e-23,4.090044256698165e-22,-
48,33,32,85,17,36,31,70,225,25,4,97,47,27,9,28,43,48,544,22,24,17,55,73,475,30,16,56,7,23,20,111,185,61,36,26,90,54,367,12,99,52,33,26,35,132,126,66,79,9,54,23,24,52,66,68,45,153,145,11,21,17,9,11,6,10,5,110,33,16,26,18,13,17,45,32,28,12,36,13,15,21,24,12,40,12,1,83,20,9,16,21,88,3,0,0,26,25,9,16,6,13,8,4,16,26,17,7,78,26,18,28,36,11,11,13,24,14,4,27,9,9,25,16,10,26,4,64,66,56,68,12,42,32,15,73,23,12,27,8,10,16,4,18,10,22,43,5,12,3,14,29,37,23,27,60,35,5,11,12,27,20,12,67,20,23,105,36,61,30,136,71,83,16.844,9.321,2.829,15.662,37.667,175.224,0,161.596,0,18.431,39.555,0.899,8.803,39.611,16.649,3592.266,26.743,0,0,22.446,187.738,3.589,13.213,3.216,67.709,12.863,11.007,0,0,2.109,3.137,164.475,15.545,27.241,0,4.216,5.352,55.215,296.629,112.018,2.417,119.589,6.293,9.867,10.651,169.713,236.12,18.698,2.692,1.694,6.738,12.799,0,0,8.446,17.649,6.387,5.154,91.079,12.51,42.26,0,21.74,21.301,248.904,87.043,8.45,6.991,5.268,49.009,0,0,0,6.494,16.45,12.195,33.526,0,81.855,195.773,0,7.197,4.133,46.456,55.432,20.881,15.793,13.639,28.553,83.79,15.628,14.609,0,5.198,12.159,12.798,24.113,11.762,51.391,6.769,1.417,18.939,19.276,14.7,5.455,140.426,1.576,4.996,51.828,7.337,12.512,2.452,76.954,2.491,7.666,51.432,9.468,18.071,638.609,4.976,27.546,2742.744,6.361,15.704,0,2.19,20.037,2.646,41.347,7.185,3.883,17.888,25.684,13.41,66.663,0,24.335,7.324,1.829,125.75,116.393,171.253,0,56.453,0,8.264,8.142,4.069,0,98.509,48.571,14.076,0,3.129,32.611,111.058,65.772,157.749,10.298,0,49.65,3.967,80.643,21.995,0,4.132,76.853,1463.009,59.883,97.147,51.454,9.207,6.01,183.819,9.315,446.765,14.282,85.565,0,0,43.758,8.944,3.746,51.528,13.198,1.968,4.272,32.438,14.782,33.074,5.46,2,5.576,81.007,11.976,26.522,70.478,0,170.788,94.902,4.861,0,98.676,47.429,45.269,17,0,986.764,38.735,67.116,68.241,0,6.435,0,12.701,3.76,0,32.165,12.778,45.491,7.551,6.668,71.781,179.3,303.725,184.214,110.226,74.293,391.809,63.612,1757.247,626.185,165.672,52.396,248.897,289.531,473.877,131.987,291.875,214.747,165.306,186.937,889.866,569.524,100.788,68.701,374.378,94.582,57.125,47.388,702.482,95.551,420.919,39.36,349.317,65.599,114.726,23.294,108.162,162.178,769.765,37.41,58.52,452.286,125.21,159.405,330.569,894.083,353.189,292.761,551.797,46.923,108.106,161.695,403.1,406.038,181.247,157.605,217.634,66.708,54.481,388.274,220.137,104.418,119.26,64.967,61.937,126.301,597.181,409.414,75.87,107.556,253.481,221.636,372.367,82.228,271.257,260.783,161.919,266.103,187.806,143.976,184.511,591.348,150.508,97.879,180.176,29.857,0,5.448,1.937,123.089,0,0,4.302,4.637,6.015,53.857,9.625,176.746,124.149,0,0,0,0,0,0,0,0,0,0,0,0,0,0,0,0,0,0,0,0,6,0,0,0,0,0,0,0,0,0,0,0,0,14,0,6,0,0,0,0,0,7,0,0,0,0,0,0,0,0,0,0,0,0,1,0,0,0,0,0,0,0,0,0,3,0,0,0,0,0,0,0,0,0,18,5,0,0,0,0,0,0,6,0,0,0,0,0,0,0,2,0,0,0,0,7,0,0,0,0,0,5,0,2,0,0,0,6,1,0,0,0,0,0,0,0,0,3,0,4,0,0,0,0,10.207,2.668,10.224,6.711,0,0,2.77,7.126,4.925,11.758,0,3.844,2.233,5.779,5.272,4.015,1.96,0,0,0,0,0,9.461,0,0,4.155,4.493,6.82,0,12.773,0,0,0,0,0,0,0,0,0,0,0,0,0,0,1.473,0,0,5.76,1.414,0,4.102,0,0,0,0,0,0,4.943,6.053,0,3.332,2.259,1.3,-4.3320006542463485,1.8005186554915655,151.0895947630145,1.6474355477576582e-31,6.945874214766805e-30,-
65,37,131,98,32,9,147,39,20,2,43,16,11,33,0,41,21,56,24,1,6,0,30,13,6,17,11,30,9,18,2,48,6,20,47,13,100,80,21,129,104,13,46,10,16,13,28,38,12,6,38,21,26,7,79,85,9,26,29,11,93,16,19,26,13,42,24,160,15,1,523,59,34,57,88,111,34,26,16,15,2,41,19,27,13,12,0,9,31,63,33,8,11,13,15,7,68,49,33,14,18,8,52,6,31,3,51,66,22,14,30,19,39,35,52,3,14,9,9,4,22,4,10,0,29,18,11,24,44,32,31,37,24,68,1,4,16,41,65,14,130,22,54,26,13,2,14,6,10,0,33,51,19,36,33,28,54,14,8,15,39,20,8,12,4,0,2,11,1,4,6,4,14,0.909,0,0,0,219.212,460.768,0,446.022,0.974,0,20.605,0,0,0,0,3.349,0,0,0,0,4.975,0,0,0,0,0,0,0,0,0.948,0,209.328,0,0.779,2.405,0,0,0,17.89,21.177,0,3.291,0,0,0,661.644,41.045,0,0,0,0,0,0,0,0,0,0,0,159.381,0,11.626,0,1.943,0,554.855,4,0,0,0,31.543,0,0,0,0,0.806,0,0,0,2.239,9.203,0,0,0.622,0,5.058,0,0,0,4.089,3.976,0,9.252,0,0,0,0,16.718,0,31.907,0,0,4.776,1.962,0,0,13.91,1.331,0,11.895,0,0,0,16.591,0,0,5.232,0,0.929,1720.261,0,0,1908.007,0,1.89,0,0,0,0,385.405,0,4.454,0,0,0,641.34,0,0.975,0,0,2.867,6.877,1.98,0,6.152,0,289.266,0,2.399,0.913,418.414,0,0,0,0,0.923,2.972,5.972,36.161,0,0,22.479,0,8.499,0,0,7.636,20.905,6049.417,20.173,1794.254,18.875,0,0,7.205,0,6.251,0,208.103,0,0,9.19,0,0,0,0,0.974,0,0,0,0,0,0,0.938,9.218,0,0,26.408,3.835,26.487,18.546,0,1.052,26.457,6.223,712.116,0,0,630.977,16.637,9.024,1.988,0,0,5.848,0,0,0,0,2.984,0,0,0,2.954,10.334,5.937,14.875,11.489,2.913,7.191,3.929,8064.188,12.719,7.353,5.386,13.9,17.186,17.993,9.824,149.041,17.691,2.432,23.486,10.443,11.682,1.055,1.94,2.935,4.926,4.741,1.232,1915.355,19.52,5.83,42.049,17.617,4.369,6.978,1.907,6.275,21.631,10.98,2.883,2.719,544.448,15.427,13.391,4111.095,2099.365,1664.836,19.511,2115.29,0.996,5.389,16.213,30.937,8.523,14.902,13.901,2.947,0,2.082,19.344,11.245,2.853,53.322,5.172,5.01,6.46,67.226,9.035,0,6.723,2.953,6.657,1049.264,5.423,3500.907,16.419,4.132,25.743,1.951,8.843,1,12.165,9.163,5.395,10.376,0,0.753,0,0,238.247,0,0,0,0,0.867,0,0,1324.627,591.023,0,0,0,0,0,0,2,0,0,0,0,0,0,0,0,0,0,0,0,0,1,0,0,0,0,0,0,0,0,0,0,0,0,8,0,2,0,0,0,0,0,0,0,0,0,0,0,0,0,0,0,0,0,0,0,0,0,0,3,0,0,0,0,0,11,0,0,0,0,0,0,0,0,0,51,2,0,0,0,0,0,0,11,0,0,0,0,0,0,0,8,0,0,0,0,0,0,0,0,0,0,5,0,0,0,0,0,6,0,0,0,0,0,0,0,0,0,2,0,3,0,0,0,0,0,0,0,0,0,0,0,0,0,0,0,0,0,0,0,0,0,0,0,0,0,0,0,0,0,0,0,0,0,0,0,0,0,0,0,0,0,0,0,0,0,0,0,0,0,0,0,0,0,0,0,0,0,0,0,0,0,0,0,0,0,0,0,-4.8656436864342805,2.104961340749183,93.76638903896024,7.264278887713008e-21,2.0218909570801206e-19,-
105,60,177,114,49,27,171,51,33,0,64,24,21,38,5,60,37,61,38,2,12,12,52,20,9,19,23,20,6,16,14,71,5,49,32,35,86,122,98,92,113,15,43,41,20,11,50,51,9,22,29,12,10,8,63,109,7,13,56,21,178,38,28,90,41,69,56,193,33,21,582,72,74,216,287,363,49,34,23,59,20,106,44,92,43,55,54,28,84,100,81,12,33,29,10,29,102,33,71,18,17,37,95,19,47,15,135,106,23,3,67,13,52,79,94,20,27,16,14,17,92,12,36,1,62,16,18,48,39,51,25,52,43,270,3,1,37,75,92,21,135,77,122,37,41,0,15,19,7,17,55,101,35,113,37,40,171,44,34,66,72,35,9,18,10,1,14,39,0,12,11,8,34,0,0,0,0,33.977,144.689,0,183.154,0,0,15.292,0,0,0,0,1.942,0,0,0,0,2.909,0,0,0,0,0,0,0,0,0,0,37.526,0,1.238,0,1.45,0,0,6.093,5.736,0,5.931,0,0,0,225.904,10.846,0,0,0,0,0,0,0,0,0,0,0,30.941,0,1.608,0,1.9,0,186.209,3.931,0.879,0,0,22.909,0,0,0,0,0,0,0,0,1.785,0,0,0,0,0,1.621,0,0,0,0,0,0,5.69,0,0,0,0,9.261,0,30.84,0,0,1.198,2.756,0,0,0,0,0,5.604,0,1.629,0,12.927,0,0,0.718,0,0,1348.196,1.47,0,1555.027,0,0,0,0,0,0,105.497,0,2.486,0.996,0,0,300.959,0,0,0,0,5.711,2.638,4.772,0,0,0,139.95,0,0,0,130.606,0,0,0,0,0,0.877,5.905,9.594,0,0,9.426,0,2.748,1.978,0,7.982,5.754,4646.145,8.23,539.498,9.731,0,0,5.942,0,6.827,0,39.729,0,0,3.399,0,0,0,0,0,0.607,0,0,0,0,0,0,4.759,1.545,0,9.34,0,17.457,9.747,0,0.944,18.322,3.226,128.808,0,0,417.933,9.803,5.552,0.69,0,0,0,0,0,1.262,0,1.645,0,0,0,2.728,8.503,4.841,26.409,8.606,4.715,7.866,5.451,4964.686,5.879,9.833,12.938,12.752,35.467,14.827,13.91,18.692,15.596,0.808,36.988,14.896,4.989,0.982,9.824,2.935,0,7.752,0.789,1016.74,14.672,12.779,37.5,16.787,3.881,6.915,0,2.759,31.188,12.895,0,1.855,528.305,24.817,7.543,2344.628,1440.399,859.779,20.687,1676.409,0,5.889,10.721,15.605,9.822,5.818,8.908,0.718,0.987,0.783,13.937,5.925,2.788,19,11.782,3.804,4.755,124.49,13.776,0.959,8.867,2.891,7.968,656.646,3.773,2406.294,14.716,1.766,9.791,0.931,1.572,0,10.981,9.645,4.808,6.88,0,0,0,0,158.291,0,0,0,0,0,0,0,588.051,274.014,1,1,3,5,3,0,4,0,2,3,0,1,0,0,0,0,0,0,0,0,0,0,0,0,0,0,0,0,0,0,0,0,0,7,0,0,0,0,0,0,0,0,0,0,0,0,0,0,1,0,0,0,0,0,0,0,0,0,0,0,0,0,0,0,3,0,0,2,0,0,0,0,0,0,16,0,0,0,0,0,0,0,4,1,0,0,0,0,0,0,0,0,0,0,0,0,0,0,0,0,0,0,0,0,0,0,0,5,0,0,0,0,0,0,0,0,0,0,0,0,0,0,0,0,0,0,0,0,0,0,0,0,0,0,0,0,0,0,0,0,0,0,0,0,0,0,0,0,0,0,0,0,0,0,0,0,0,0,0,0,0,0,0,0,0,0,0,0,0,0,0,0,0,0,0,0,0,0,0,0,0,0,0,0,0,0,0,-6.3548812627335165,1.489579332571168,145.44373616488215,1.7005351937090264e-30,6.845694971887787e-29,-
269,163,230,235,186,180,250,123,458,302,81,115,59,153,111,400,359,314,312,274,110,108,155,76,225,34,17,135,103,159,81,182,424,0,236,101,133,230,179,124,377,173,107,84,256,175,184,326,121,333,117,55,40,147,178,727,112,354,208,80,134,49,85,47,61,34,78,282,49,56,280,188,189,207,241,334,47,48,184,153,117,134,147,115,194,109,72,80,121,124,106,27,222,83,83,40,142,114,82,50,76,115,33,68,51,145,85,159,180,179,80,78,153,122,320,242,171,42,174,148,84,196,103,203,136,171,84,295,140,85,182,97,249,229,253,276,90,109,265,46,105,89,98,66,57,308,179,48,58,69,197,247,257,375,201,404,95,109,90,36,77,109,79,136,273,121,39,70,24,79,136,65,91,0,0,0,0,41,278,0,44,0,0,9,2,1,0,0,12,3,2,0,0,25,1,0,0,2,0,0,0,0,0,1,395,0,2,0,0,0,0,20,35,0,16,0,0,1,80,39,0,0,0,0,0,1,1,1,0,0,0,4,0,10,0,10,0,30,4,0,0,0,13,1,1,0,0,0,1,0,0,3,4,1,0,1,0,3,2,0,1,3,15,0,5,1,1,0,0,3,0,70,0,0,6,7,0,0,39,0,0,7,1,0,0,8,0,0,2,0,0,2292,0,3,12916,0,0,3,0,0,0,30,0,2,0,0,0,163,0,0,0,0,7,22,9,0,6,0,215,0,0,0,212,6,0,0,0,1,15,10,25,1,0,10,0,19,0,0,4,14,556,13,64,10,1,0,17,0,13,0,62,0,0,21,0,1,1,0,0,0,0,0,0,4,1,2,13,0,1,9,0,31,23,0,0,28,4,273,1,0,274,96,5,102,0,1,1,0,0,0,5,2,3,0,0,177,244,73,80,197,74,78,151,757,93,436,33,98,199,256,229,103,188,58,105,121,221,30,138,113,103,27,67,282,217,206,60,164,113,103,48,111,381,167,51,122,1145,57,317,1613,1699,161,159,286,27,170,180,189,202,113,184,164,15,65,233,90,107,244,125,61,184,3897,162,72,133,146,148,182,19,669,132,187,240,88,93,69,107,361,110,143,0,0,1,1,225,5,0,0,0,0,1,1,295,649,8,30,16,24,60,23,31,11,11,7,6,10,11,6,0,0,0,0,0,0,0,0,0,0,0,0,0,0,0,0,0,0,0,0,0,0,0,0,0,0,0,0,0,0,0,0,0,0,0,0,0,0,0,0,0,0,0,0,0,0,0,0,0,0,0,0,0,0,0,0,0,0,0,0,0,0,0,0,0,0,0,0,0,0,0,0,0,0,0,0,0,0,0,0,0,0,0,0,0,0,0,0,0,0,0,0,0,0,0,0,0,0,0,0,0,0,0,0,0,0,0,0,0,0,0,0,0,0,1,0,0,0,0,0,0,0,0,0,0,0,0,0,0,0,0,0,0,0,0,0,0,0,0,0,2,0,0,0,1,0,0,0,0,0,0,0,0,0,0,0,0,2,0,0,0,0,0,0,0,0,0,0,1,0,1,0,1,-6.415872330320105,1.8748147406945948,184.09608110080038,2.6819090561175877e-37,1.4225431261431651e-35,-
2664,2065,2587,1171,5925,2562,4672,494,5275,5377,2419,6701,336,863,1371,6131,3651,5629,12323,7882,1646,2518,4899,5402,1591,2159,88,1094,5034,1432,2391,3179,3892,404,6568,608,1288,3603,1834,3116,11002,653,323,2133,16648,1755,829,12457,2119,5291,4551,1880,2096,2469,13944,20209,3835,2904,1663,1702,2285,2846,3635,3655,526,4735,1587,18735,10546,3312,4781,2194,7466,3937,14196,3475,595,328,4372,3140,13739,1644,2675,4565,31597,9709,15896,6624,10243,3750,4145,1208,2610,3371,8147,14241,14896,4135,1521,9712,5642,3905,10879,25810,6092,3865,8764,21179,5535,4596,1628,3953,8279,3229,5366,605,7175,6261,5816,6135,10161,21020,1761,1345,14414,36783,2385,56093,4474,3438,4660,2788,4520,9010,4138,18797,5499,3395,1240,1854,3965,4382,12425,1051,57,1941,3043,9464,2267,7278,10196,10218,11911,6463,20295,19992,2818,6308,9676,8279,5999,708,2214,5542,3677,1812,1970,2776,2053,774,1404,2569,1590,0,0,0,0,0,0,11.255,0,2.078,0,9.183,0,0,0,0,0,0,0,0,0,139.354,0,0,9.37,0,0,0,0,0,0,0,0,0,0,24.778,0,0,0,735.025,9.838,0,30.762,0,0,0,0,0,0,0,0,8.928,0,0,0,0,0,0,0,0,0,0,17.25,0,0,0,17.501,0,0,0,31.293,0,0,0,0,0,0,0,0,85.02,8.379,0,0,0,0,0,0,0,0,193.849,167.249,0,51.058,0,0,0,0,0,0,406.155,0,0,0,0,0,0,13.441,0,0,9.064,0,0,0,0,0,0,0,0,0,0,0,0,8.662,0,0,0,0,0,0,0,0,454.525,0,0,0,0,0,0,5.262,0,20.89,535.275,53.483,0,0,0,1,0,0,0,0,154.098,0,0,0,0,29.286,9.264,0,0,0,11.059,0,57.758,0,559.053,0,230.248,0.956,62.927,1,26.793,0,0,0,0,37.542,0,0,2.465,0,20.847,0,0,0,0,0,0,0,0,0,0,0,0,327.751,0,0,138.291,185.888,0,54.842,5.977,6.839,504.99,0,2,0,0,0,434.666,0,62.689,0,0,1017.972,0,0,0,0,7.847,0,0,0,152.543,805.299,337.703,591.11,303.551,216.499,540.369,81.856,0,259.081,334.531,370.166,814.305,309.497,497.182,541.071,0,481.024,168.507,1275.325,405.642,568.463,823.976,189.843,474.731,25.242,329.315,69.809,0,186.928,760.95,579.099,350.246,42.631,621.04,58.13,189.351,296.988,462.643,112.015,167.527,1.989,514.684,1241.59,0,1.658,0,498.349,1.989,759.137,148.398,32.179,268.429,311.016,237.765,297.027,217.475,110.113,63.769,752.13,330.507,164.578,0,57.705,51.149,832.577,0.969,489.149,88.969,143.05,411.093,180.931,0,140.309,3.98,560.531,23.896,324.885,94.407,726.847,1195.934,517.517,124.689,122.729,313.757,0,0,0,0,1,0,0,0,0,0,0,0,1.94,0,0,0,0,0,0,0,0,0,0,0,0,0,0,0,0,0,0,0,0,0,0,16,0,0,0,0,0,8,0,0,0,0,0,0,0,0,0,0,0,0,0,0,0,0,0,0,0,0,0,0,0,0,29,0,0,0,0,0,5,0,0,0,0,0,0,0,0,11,3,0,0,0,0,0,98,0,15,0,0,0,0,4,0,2,0,0,0,18,0,0,35,0,0,0,0,0,0,0,74,3,0,0,0,0,0,16,0,6,0,0,0,0,0,0,0,0,0,166,0,0,0,0,0,0,0,0,0,0,0,0,0,0,0,0,0,0,0,0,0,0,0,0,0,0,0,0,0,0,0,1.284,0,0,0,0,0,0,0,0,0,0,0,0,0,0,0,0,0,0,0,0,0,0,0,0,0,0,0,0,0,0,0,0,0,0,0,0,0,-7.67132191652314,5.177058080712215,230.76810415284615,4.1493181288124634e-45,2.9565274773831737e-43,-
